,concentracion_mp_mg_m3,concentracion_mp_sin_corregir_mg_nm3,concentracion_mp_mg_nm3,oxigeno_porcentaje_base_seca,humedad_porcentaje,temperatura_gases_salida_c,presion_gases_salida_atm,flujo_gases_salida_base_humeda_m3_min,flujo_gases_salida_base_seca_nm3_min
concentracion_mp_mg_m3,1.0,0.7218368926605542,0.6853491896978876,0.09193988236709948,-0.0854203587559597,-0.02554642735396458,0.02022947284141602,0.008206127897727556,0.021559041768463433
concentracion_mp_sin_corregir_mg_nm3,0.7218368926605542,1.0,0.7311401614102291,0.06851268119304464,-0.0538190658547493,-0.01331868664068797,0.022015456708104873,0.02044391471762936,0.053646694381160445
concentracion_mp_mg_nm3,0.6853491896978876,0.7311401614102291,1.0,0.08150946337796941,-0.06573770221953709,-0.0301878181976133,0.01852517335478637,0.002019120993348562,0.036874412703041155
oxigeno_porcentaje_base_seca,0.09193988236709948,0.06851268119304464,0.08150946337796941,1.0,-0.6537052882278906,-0.5268607532389026,-0.03279996709837959,-0.40377775276877115,-0.3864507719187521
humedad_porcentaje,-0.0854203587559597,-0.0538190658547493,-0.06573770221953709,-0.6537052882278906,1.0,0.35648233762493176,0.028151121134249387,0.2692683059361972,0.5801249112013444
temperatura_gases_salida_c,-0.02554642735396458,-0.01331868664068797,-0.0301878181976133,-0.5268607532389026,0.35648233762493176,1.0,-0.047548442727997006,0.6611055819691962,0.3392783776551445
presion_gases_salida_atm,0.02022947284141602,0.022015456708104873,0.01852517335478637,-0.03279996709837959,0.028151121134249387,-0.047548442727997006,1.0,-0.043503078852543314,-0.009154926015310946
flujo_gases_salida_base_humeda_m3_min,0.008206127897727556,0.02044391471762936,0.002019120993348562,-0.40377775276877115,0.2692683059361972,0.6611055819691962,-0.043503078852543314,1.0,0.44013781461464546
flujo_gases_salida_base_seca_nm3_min,0.021559041768463433,0.053646694381160445,0.036874412703041155,-0.3864507719187521,0.5801249112013444,0.3392783776551445,-0.009154926015310946,0.44013781461464546,1.0
