,concentracion_mp_mg_m3,concentracion_mp_sin_corregir_mg_nm3,concentracion_mp_mg_nm3,oxigeno_porcentaje_base_seca,humedad_porcentaje,temperatura_gases_salida_c,presion_gases_salida_atm,flujo_gases_salida_base_humeda_m3_min,flujo_gases_salida_base_seca_nm3_min
concentracion_mp_mg_m3,1.0,0.9556936599739783,0.8996212267537773,0.02050069785545761,-0.038139387973432554,0.024126567612061844,-0.024959787163152437,0.010145689097952434,-0.018116112051001085
concentracion_mp_sin_corregir_mg_nm3,0.9556936599739783,1.0,0.933435408362647,-0.0021153346094740706,0.019413503075417133,0.02704866965599415,-0.023323805706336784,0.0069344054208239315,0.035084374513619454
concentracion_mp_mg_nm3,0.8996212267537773,0.933435408362647,1.0,0.0938934944673831,-0.05551388075867314,-0.004563036280283086,-0.01739110917623423,-0.014033733044696756,0.031230105866745593
oxigeno_porcentaje_base_seca,0.02050069785545761,-0.0021153346094740706,0.0938934944673831,1.0,-0.6308066451005493,-0.4067768472833336,0.06448330355921143,-0.23727563208113175,-0.31531517778681184
humedad_porcentaje,-0.038139387973432554,0.019413503075417133,-0.05551388075867314,-0.6308066451005493,1.0,0.3000248117753006,-0.01858497690382214,0.15539737648377228,0.6829977815212128
temperatura_gases_salida_c,0.024126567612061844,0.02704866965599415,-0.004563036280283086,-0.4067768472833336,0.3000248117753006,1.0,-0.23871370251806054,0.5504356327873057,0.2771161443935942
presion_gases_salida_atm,-0.024959787163152437,-0.023323805706336784,-0.01739110917623423,0.06448330355921143,-0.01858497690382214,-0.23871370251806054,1.0,-0.16999457385548716,-0.037651586183314566
flujo_gases_salida_base_humeda_m3_min,0.010145689097952434,0.0069344054208239315,-0.014033733044696756,-0.23727563208113175,0.15539737648377228,0.5504356327873057,-0.16999457385548716,1.0,0.5896359116647295
flujo_gases_salida_base_seca_nm3_min,-0.018116112051001085,0.035084374513619454,0.031230105866745593,-0.31531517778681184,0.6829977815212128,0.2771161443935942,-0.037651586183314566,0.5896359116647295,1.0
