,concentracion_mp_mg_m3,concentracion_mp_sin_corregir_mg_nm3,concentracion_mp_mg_nm3,oxigeno_porcentaje_base_seca,humedad_porcentaje,temperatura_gases_salida_c,presion_gases_salida_atm,flujo_gases_salida_base_humeda_m3_min,flujo_gases_salida_base_seca_nm3_min
concentracion_mp_mg_m3,0.0,0.23385676731342409,0.2142720370558897,-0.07143918451164187,0.047280970782527146,0.049672994966026424,-0.04518926000456845,0.0019395612002248777,-0.039675153819464515
concentracion_mp_sin_corregir_mg_nm3,0.23385676731342409,0.0,0.20229524695241796,-0.0706280158025187,0.07323256893016643,0.040367356296682116,-0.04533926241444165,-0.013509509296805427,-0.01856231986754099
concentracion_mp_mg_nm3,0.2142720370558897,0.20229524695241796,0.0,0.012384031089413688,0.010223821460863952,0.02562478191733021,-0.035916282531020596,-0.01605285403804532,-0.005644306836295562
oxigeno_porcentaje_base_seca,-0.07143918451164187,-0.0706280158025187,0.012384031089413688,0.0,0.022898643127341356,0.120083905955569,0.09728327065759101,0.1665021206876394,0.07113559413194026
humedad_porcentaje,0.047280970782527146,0.07323256893016643,0.010223821460863952,0.022898643127341356,0.0,-0.05645752584963115,-0.04673609803807153,-0.11387092945242494,0.10287287031986847
temperatura_gases_salida_c,0.049672994966026424,0.040367356296682116,0.02562478191733021,0.120083905955569,-0.05645752584963115,0.0,-0.19116525979006355,-0.11066994918189055,-0.06216223326155029
presion_gases_salida_atm,-0.04518926000456845,-0.04533926241444165,-0.035916282531020596,0.09728327065759101,-0.04673609803807153,-0.19116525979006355,0.0,-0.12649149500294385,-0.028496660168003618
flujo_gases_salida_base_humeda_m3_min,0.0019395612002248777,-0.013509509296805427,-0.01605285403804532,0.1665021206876394,-0.11387092945242494,-0.11066994918189055,-0.12649149500294385,0.0,0.14949809705008404
flujo_gases_salida_base_seca_nm3_min,-0.039675153819464515,-0.01856231986754099,-0.005644306836295562,0.07113559413194026,0.10287287031986847,-0.06216223326155029,-0.028496660168003618,0.14949809705008404,0.0
