variable,real_mean,fake_mean,real_std,fake_std,ks_stat,ks_pvalue
concentracion_mp_mg_m3,21.188595509444838,21.712675043163784,79.32756560841621,73.02816576984988,0.07232568917184103,4.1493710485392644e-126
concentracion_mp_sin_corregir_mg_nm3,32.75426228090859,33.071233803272584,122.29669915244358,106.22078091467313,0.07999557468102388,3.239034461119669e-154
concentracion_mp_mg_nm3,43.415385627079566,45.509934045578454,167.26366875606303,166.31945244888297,0.0491166907699966,2.344364456028338e-58
oxigeno_porcentaje_base_seca,9.008848568209805,9.167852117993801,1.8004208457982875,1.6358515014980481,0.061181737011711035,2.4649894322522646e-90
humedad_porcentaje,11.595280620398755,11.352361099541078,2.1610248557928986,2.185448825345918,0.08145796955644635,6.732274095665762e-160
temperatura_gases_salida_c,143.88572186853207,143.06526175347497,4.359425006587098,4.474762451364499,0.08502193769813202,3.518326453264207e-174
presion_gases_salida_atm,0.9903564672902093,0.9901761369459939,0.0053034315434703945,0.004773554368545807,0.10247204301920398,5.3027377716608954e-253
flujo_gases_salida_base_humeda_m3_min,1888.7246626581777,1911.9558919656313,235.38593959904708,190.99409671528264,0.05666279441431529,1.5517608388163205e-77
flujo_gases_salida_base_seca_nm3_min,1151.779706044172,1179.4734501784424,216.29996951859476,186.57169212174543,0.08093601509078048,7.381416890740353e-158
